{"_runtime":393.023092041,"updates/reward_loss_std":0.005818169564008713,"updates/consistency_loss_mean":0.002399508375674486,"train/env_step":9999,"updates/total_loss_std":0.0022269263863563538,"_step":20,"updates/continue_loss_mean":0,"updates/policy_scale_std":0,"updates/policy_loss_std":0.013931751251220703,"train/episode_length":500,"updates/reward_loss_mean":0.07908780872821808,"updates/value_loss_mean":0.36768639087677,"updates/policy_scale_mean":1,"updates/consistency_loss_std":9.41222533583641e-05,"_wandb":{"runtime":416},"updates/policy_loss_mean":-10.602710723876953,"_timestamp":1.7442100362409182e+09,"train/episode_return":6.928720474243164,"updates/global_step":10000,"updates/total_loss_mean":0.0926675871014595,"updates/value_loss_std":0.0023733675479888916,"updates/continue_loss_std":0}